{
  "metadata": {
    "schemaVersion": "1.0",
    "importType": "LEX",
    "importFormat": "JSON"
  },
  "resource": {
    "name": "riskLevel",
    "version": "2",
    "enumerationValues": [
      {
        "value": "High",
        "synonyms": [
          "Aggressive",
          "Riskier"
        ]
      },
      {
        "value": "Very Low",
        "synonyms": [
          "Minimal",
          "Very Conservative"
        ]
      },
      {
        "value": "Low",
        "synonyms": [
          "Maximum",
          "Big"
        ]
      },
      {
        "value": "Medium",
        "synonyms": [
          "Modest",
          "Middle",
          "Middling"
        ]
      },
      {
        "value": "Very High",
        "synonyms": [
          "Very Aggressive",
          "Maximum"
        ]
      },
      {
        "value": "None",
        "synonyms": [
          "Nothing",
          "Zero"
        ]
      }
    ],
    "valueSelectionStrategy": "TOP_RESOLUTION"
  }
}